epoch,kind,f1,f2,f3,f4
1791444118,proc,780,368,visualintelligenced,368
1791444118,proc,787,4768,aned,4768
1791444118,proc,811,1120,translationd,1120
1791444118,proc,851,1056,generativeexperiencesd,1056
1791444118,proc,852,3904,intelligenceflowd,3904
1791444118,proc,858,12480,intelligencecontextd,12480
1791444118,proc,1078,192,aneuserd,192
1791444118,proc,1257,20832,Ollama,20832
1791444118,proc,1284,27584,ollama,27584
1791444118,proc,1299,336,GenerativeExperiencesSafetyInferenceProvider,336
1791444118,proc,1359,9456,IntelligencePlatformComputeService,9456
1791444118,proc,10533,336,intelligencetasksd,336
1791444118,proc,11900,352,ANECompilerService,352
1791444118,proc,27908,416,intelligenceplatformd,416
1791444118,proc,63081,1461728,Python,1461728
1791444118,sys,162644,80,91462,1|1668|56154|54404
1791444119,proc,780,368,visualintelligenced,368
1791444119,proc,787,4768,aned,4768
1791444119,proc,811,1120,translationd,1120
1791444119,proc,851,1056,generativeexperiencesd,1056
1791444119,proc,852,3904,intelligenceflowd,3904
1791444119,proc,858,12480,intelligencecontextd,12480
1791444119,proc,1078,192,aneuserd,192
1791444119,proc,1257,20832,Ollama,20832
1791444119,proc,1284,27584,ollama,27584
1791444119,proc,1299,336,GenerativeExperiencesSafetyInferenceProvider,336
1791444119,proc,1359,9456,IntelligencePlatformComputeService,9456
1791444119,proc,10533,336,intelligencetasksd,336
1791444119,proc,11900,352,ANECompilerService,352
1791444119,proc,27908,416,intelligenceplatformd,416
1791444119,proc,63081,1475600,Python,1461728
1791444119,proc,63124,62000,node,0
1791444119,sys,162644,80,67058,1|1668|56158|54402
1791444120,proc,780,368,visualintelligenced,368
1791444120,proc,787,4768,aned,4768
1791444120,proc,811,1120,translationd,1120
1791444120,proc,851,1056,generativeexperiencesd,1056
1791444120,proc,852,3904,intelligenceflowd,3904
1791444120,proc,858,12480,intelligencecontextd,12480
1791444120,proc,1078,192,aneuserd,192
1791444120,proc,1257,20832,Ollama,20832
1791444120,proc,1284,27584,ollama,27584
1791444120,proc,1299,336,GenerativeExperiencesSafetyInferenceProvider,336
1791444120,proc,1359,9456,IntelligencePlatformComputeService,9456
1791444120,proc,10533,336,intelligencetasksd,336
1791444120,proc,11900,352,ANECompilerService,352
1791444120,proc,27908,416,intelligenceplatformd,416
1791444120,proc,63081,1475712,Python,1461728
1791444120,proc,63124,62192,node,0
1791444120,sys,162644,80,49202,1|1668|56158|54402
1791444121,proc,780,368,visualintelligenced,368
1791444121,proc,787,4768,aned,4768
1791444121,proc,811,1120,translationd,1120
1791444121,proc,851,1056,generativeexperiencesd,1056
1791444121,proc,852,3904,intelligenceflowd,3904
1791444121,proc,858,12480,intelligencecontextd,12480
1791444121,proc,1078,192,aneuserd,192
1791444121,proc,1257,20832,Ollama,20832
1791444121,proc,1284,27584,ollama,27584
1791444121,proc,1299,336,GenerativeExperiencesSafetyInferenceProvider,336
1791444121,proc,1359,9360,IntelligencePlatformComputeService,9456
1791444121,proc,10533,336,intelligencetasksd,336
1791444121,proc,11900,352,ANECompilerService,352
1791444121,proc,27908,416,intelligenceplatformd,416
1791444121,proc,63081,1475712,Python,1461728
1791444121,proc,63124,62192,node,0
1791444121,sys,162644,80,50583,1|1668|56162|54403
1791444122,proc,780,368,visualintelligenced,368
1791444122,proc,787,4768,aned,4768
1791444122,proc,811,1120,translationd,1120
1791444122,proc,851,1056,generativeexperiencesd,1056
1791444122,proc,852,3904,intelligenceflowd,3904
1791444122,proc,858,12480,intelligencecontextd,12480
1791444122,proc,1078,192,aneuserd,192
1791444122,proc,1257,20832,Ollama,20832
1791444122,proc,1284,27584,ollama,27584
1791444122,proc,1299,336,GenerativeExperiencesSafetyInferenceProvider,336
1791444122,proc,1359,9360,IntelligencePlatformComputeService,9456
1791444122,proc,10533,336,intelligencetasksd,336
1791444122,proc,11900,352,ANECompilerService,352
1791444122,proc,27908,416,intelligenceplatformd,416
1791444122,proc,63081,1475920,Python,1461728
1791444122,proc,63124,62224,node,0
1791444122,sys,162644,80,49650,1|1668|56166|54404
1791444123,proc,780,368,visualintelligenced,368
1791444123,proc,787,4768,aned,4768
1791444123,proc,811,1120,translationd,1120
1791444123,proc,851,1056,generativeexperiencesd,1056
1791444123,proc,852,3904,intelligenceflowd,3904
1791444123,proc,858,12480,intelligencecontextd,12480
1791444123,proc,1078,192,aneuserd,192
1791444123,proc,1257,20832,Ollama,20832
1791444123,proc,1284,27584,ollama,27584
1791444123,proc,1299,336,GenerativeExperiencesSafetyInferenceProvider,336
1791444123,proc,1359,9456,IntelligencePlatformComputeService,9456
1791444123,proc,10533,336,intelligencetasksd,336
1791444123,proc,11900,352,ANECompilerService,352
1791444123,proc,27908,416,intelligenceplatformd,416
1791444123,proc,63081,1476160,Python,1461728
1791444123,proc,63124,62224,node,0
1791444123,sys,162644,71,48583,1|1668|56166|54399
1791444124,proc,780,368,visualintelligenced,368
1791444124,proc,787,4768,aned,4768
1791444124,proc,811,1120,translationd,1120
1791444124,proc,851,1056,generativeexperiencesd,1056
1791444124,proc,852,3904,intelligenceflowd,3904
1791444124,proc,858,12480,intelligencecontextd,12480
1791444124,proc,1078,192,aneuserd,192
1791444124,proc,1257,20832,Ollama,20832
1791444124,proc,1284,27584,ollama,27584
1791444124,proc,1299,336,GenerativeExperiencesSafetyInferenceProvider,336
1791444124,proc,1359,9456,IntelligencePlatformComputeService,9456
1791444124,proc,10533,336,intelligencetasksd,336
1791444124,proc,11900,352,ANECompilerService,352
1791444124,proc,27908,416,intelligenceplatformd,416
1791444124,proc,63081,1476000,Python,1461728
1791444124,proc,63124,62224,node,0
1791444124,sys,162644,71,47343,1|1668|56166|54330
1791444125,proc,780,368,visualintelligenced,368
1791444125,proc,787,4768,aned,4768
1791444125,proc,811,1120,translationd,1120
1791444125,proc,851,1056,generativeexperiencesd,1056
1791444125,proc,852,3904,intelligenceflowd,3904
1791444125,proc,858,12480,intelligencecontextd,12480
1791444125,proc,1078,192,aneuserd,192
1791444125,proc,1257,20832,Ollama,20832
1791444125,proc,1284,27584,ollama,27584
1791444125,proc,1299,336,GenerativeExperiencesSafetyInferenceProvider,336
1791444125,proc,1359,9456,IntelligencePlatformComputeService,9456
1791444125,proc,10533,336,intelligencetasksd,336
1791444125,proc,11900,352,ANECompilerService,352
1791444125,proc,27908,416,intelligenceplatformd,416
1791444125,proc,63081,1476144,Python,1461728
1791444125,proc,63124,62304,node,0
1791444125,sys,162644,71,46341,1|1668|56166|54283
1791444126,proc,780,368,visualintelligenced,368
1791444126,proc,787,4768,aned,4768
1791444126,proc,811,1120,translationd,1120
1791444126,proc,851,1056,generativeexperiencesd,1056
1791444126,proc,852,3904,intelligenceflowd,3904
1791444126,proc,858,12480,intelligencecontextd,12480
1791444126,proc,1078,192,aneuserd,192
1791444126,proc,1257,20832,Ollama,20832
1791444126,proc,1284,27584,ollama,27584
1791444126,proc,1299,336,GenerativeExperiencesSafetyInferenceProvider,336
1791444126,proc,1359,9488,IntelligencePlatformComputeService,9456
1791444126,proc,10533,336,intelligencetasksd,336
1791444126,proc,11900,352,ANECompilerService,352
1791444126,proc,27908,416,intelligenceplatformd,416
1791444126,proc,63081,1476144,Python,1461728
1791444126,proc,63124,61904,node,0
1791444126,sys,162644,71,42811,1|1668|56178|54283
1791444127,proc,780,368,visualintelligenced,368
1791444127,proc,787,4768,aned,4768
1791444127,proc,811,1120,translationd,1120
1791444127,proc,851,1056,generativeexperiencesd,1056
1791444127,proc,852,3904,intelligenceflowd,3904
1791444127,proc,858,12480,intelligencecontextd,12480
1791444127,proc,1078,192,aneuserd,192
1791444127,proc,1257,20832,Ollama,20832
1791444127,proc,1284,27584,ollama,27584
1791444127,proc,1299,336,GenerativeExperiencesSafetyInferenceProvider,336
1791444127,proc,1359,9488,IntelligencePlatformComputeService,9456
1791444127,proc,10533,336,intelligencetasksd,336
1791444127,proc,11900,352,ANECompilerService,352
1791444127,proc,27908,416,intelligenceplatformd,416
1791444127,proc,63081,1476144,Python,1461728
1791444127,proc,63124,60992,node,0
1791444127,sys,162644,71,42622,1|1668|56178|54278
1791444129,proc,780,368,visualintelligenced,368
1791444129,proc,787,4768,aned,4768
1791444129,proc,811,1120,translationd,1120
1791444129,proc,851,1056,generativeexperiencesd,1056
1791444129,proc,852,3904,intelligenceflowd,3904
1791444129,proc,858,12480,intelligencecontextd,12480
1791444129,proc,1078,192,aneuserd,192
1791444129,proc,1257,20832,Ollama,20832
1791444129,proc,1284,27584,ollama,27584
1791444129,proc,1299,336,GenerativeExperiencesSafetyInferenceProvider,336
1791444129,proc,1359,9488,IntelligencePlatformComputeService,9456
1791444129,proc,10533,336,intelligencetasksd,336
1791444129,proc,11900,352,ANECompilerService,352
1791444129,proc,27908,416,intelligenceplatformd,416
1791444129,proc,63081,1476416,Python,1461728
1791444129,proc,63124,60992,node,0
1791444129,sys,162644,72,44035,1|1668|56178|54277
1791444130,proc,780,368,visualintelligenced,368
1791444130,proc,787,4768,aned,4768
1791444130,proc,811,1120,translationd,1120
1791444130,proc,851,1056,generativeexperiencesd,1056
1791444130,proc,852,3904,intelligenceflowd,3904
1791444130,proc,858,12480,intelligencecontextd,12480
1791444130,proc,1078,192,aneuserd,192
1791444130,proc,1257,20832,Ollama,20832
1791444130,proc,1284,27584,ollama,27584
1791444130,proc,1299,336,GenerativeExperiencesSafetyInferenceProvider,336
1791444130,proc,1359,9488,IntelligencePlatformComputeService,9456
1791444130,proc,10533,336,intelligencetasksd,336
1791444130,proc,11900,352,ANECompilerService,352
1791444130,proc,27908,416,intelligenceplatformd,416
1791444130,proc,63081,1476176,Python,1461728
1791444130,proc,63124,61088,node,0
1791444130,sys,162644,72,43426,1|1668|56178|54277
1791444131,proc,780,368,visualintelligenced,368
1791444131,proc,787,4768,aned,4768
1791444131,proc,811,1120,translationd,1120
1791444131,proc,851,1056,generativeexperiencesd,1056
1791444131,proc,852,3904,intelligenceflowd,3904
1791444131,proc,858,12480,intelligencecontextd,12480
1791444131,proc,1078,192,aneuserd,192
1791444131,proc,1257,20832,Ollama,20832
1791444131,proc,1284,27584,ollama,27584
1791444131,proc,1299,336,GenerativeExperiencesSafetyInferenceProvider,336
1791444131,proc,1359,9488,IntelligencePlatformComputeService,9456
1791444131,proc,10533,336,intelligencetasksd,336
1791444131,proc,11900,352,ANECompilerService,352
1791444131,proc,27908,416,intelligenceplatformd,416
1791444131,proc,63081,1476160,Python,1461728
1791444131,proc,63124,61088,node,0
1791444131,sys,162644,72,43448,1|1668|56178|54272
1791444132,proc,780,368,visualintelligenced,368
1791444132,proc,787,4768,aned,4768
1791444132,proc,811,1120,translationd,1120
1791444132,proc,851,1056,generativeexperiencesd,1056
1791444132,proc,852,3904,intelligenceflowd,3904
1791444132,proc,858,12480,intelligencecontextd,12480
1791444132,proc,1078,192,aneuserd,192
1791444132,proc,1257,20832,Ollama,20832
1791444132,proc,1284,27584,ollama,27584
1791444132,proc,1299,336,GenerativeExperiencesSafetyInferenceProvider,336
1791444132,proc,1359,9360,IntelligencePlatformComputeService,9456
1791444132,proc,10533,336,intelligencetasksd,336
1791444132,proc,11900,352,ANECompilerService,352
1791444132,proc,27908,416,intelligenceplatformd,416
1791444132,proc,63081,1476176,Python,1461728
1791444132,proc,63124,61088,node,0
1791444132,sys,162644,72,44184,1|1668|56178|54268
1791444133,proc,780,368,visualintelligenced,368
1791444133,proc,787,4768,aned,4768
1791444133,proc,811,1120,translationd,1120
1791444133,proc,851,1056,generativeexperiencesd,1056
1791444133,proc,852,3904,intelligenceflowd,3904
1791444133,proc,858,12480,intelligencecontextd,12480
1791444133,proc,1078,192,aneuserd,192
1791444133,proc,1257,20832,Ollama,20832
1791444133,proc,1284,27584,ollama,27584
1791444133,proc,1299,336,GenerativeExperiencesSafetyInferenceProvider,336
1791444133,proc,1359,9360,IntelligencePlatformComputeService,9456
1791444133,proc,10533,336,intelligencetasksd,336
1791444133,proc,11900,352,ANECompilerService,352
1791444133,proc,27908,416,intelligenceplatformd,416
1791444133,proc,63081,1476240,Python,1461728
1791444133,proc,63124,61232,node,0
1791444133,sys,162644,72,44348,1|1668|56178|54268
1791444134,proc,780,368,visualintelligenced,368
1791444134,proc,787,4768,aned,4768
1791444134,proc,811,1120,translationd,1120
1791444134,proc,851,1056,generativeexperiencesd,1056
1791444134,proc,852,3904,intelligenceflowd,3904
1791444134,proc,858,12480,intelligencecontextd,12480
1791444134,proc,1078,192,aneuserd,192
1791444134,proc,1257,20832,Ollama,20832
1791444134,proc,1284,27584,ollama,27584
1791444134,proc,1299,336,GenerativeExperiencesSafetyInferenceProvider,336
1791444134,proc,1359,9424,IntelligencePlatformComputeService,9456
1791444134,proc,10533,336,intelligencetasksd,336
1791444134,proc,11900,352,ANECompilerService,352
1791444134,proc,27908,416,intelligenceplatformd,416
1791444134,proc,63081,1476768,Python,1461728
1791444134,proc,63124,61408,node,0
1791444134,sys,162644,71,43419,1|1668|56178|54265
1791444135,proc,780,368,visualintelligenced,368
1791444135,proc,787,4768,aned,4768
1791444135,proc,811,1120,translationd,1120
1791444135,proc,851,1056,generativeexperiencesd,1056
1791444135,proc,852,3904,intelligenceflowd,3904
1791444135,proc,858,12480,intelligencecontextd,12480
1791444135,proc,1078,192,aneuserd,192
1791444135,proc,1257,20832,Ollama,20832
1791444135,proc,1284,27584,ollama,27584
1791444135,proc,1299,336,GenerativeExperiencesSafetyInferenceProvider,336
1791444135,proc,1359,9424,IntelligencePlatformComputeService,9456
1791444135,proc,10533,336,intelligencetasksd,336
1791444135,proc,11900,352,ANECompilerService,352
1791444135,proc,27908,416,intelligenceplatformd,416
1791444135,proc,63081,1476528,Python,1461728
1791444135,proc,63124,61536,node,0
1791444135,sys,162644,71,40982,1|1668|56178|54254
1791444136,proc,780,368,visualintelligenced,368
1791444136,proc,787,4768,aned,4768
1791444136,proc,811,1120,translationd,1120
1791444136,proc,851,1056,generativeexperiencesd,1056
1791444136,proc,852,3904,intelligenceflowd,3904
1791444136,proc,858,12480,intelligencecontextd,12480
1791444136,proc,1078,192,aneuserd,192
1791444136,proc,1257,20880,Ollama,20832
1791444136,proc,1284,27584,ollama,27584
1791444136,proc,1299,336,GenerativeExperiencesSafetyInferenceProvider,336
1791444136,proc,1359,9472,IntelligencePlatformComputeService,9456
1791444136,proc,10533,336,intelligencetasksd,336
1791444136,proc,11900,352,ANECompilerService,352
1791444136,proc,27908,416,intelligenceplatformd,416
1791444136,proc,63081,1476528,Python,1461728
1791444136,proc,63124,61536,node,0
1791444136,sys,162644,71,40021,1|1668|56218|54262
1791444137,proc,780,368,visualintelligenced,368
1791444137,proc,787,4768,aned,4768
1791444137,proc,811,1120,translationd,1120
1791444137,proc,851,1056,generativeexperiencesd,1056
1791444137,proc,852,3904,intelligenceflowd,3904
1791444137,proc,858,12480,intelligencecontextd,12480
1791444137,proc,1078,192,aneuserd,192
1791444137,proc,1257,20880,Ollama,20832
1791444137,proc,1284,27584,ollama,27584
1791444137,proc,1299,336,GenerativeExperiencesSafetyInferenceProvider,336
1791444137,proc,1359,9472,IntelligencePlatformComputeService,9456
1791444137,proc,10533,336,intelligencetasksd,336
1791444137,proc,11900,352,ANECompilerService,352
1791444137,proc,27908,416,intelligenceplatformd,416
1791444137,proc,63081,1476560,Python,1461728
1791444137,proc,63124,61600,node,0
1791444137,sys,162644,71,40487,1|1668|56218|54255
1791444138,proc,780,368,visualintelligenced,368
1791444138,proc,787,4768,aned,4768
1791444138,proc,811,1120,translationd,1120
1791444138,proc,851,1056,generativeexperiencesd,1056
1791444138,proc,852,3904,intelligenceflowd,3904
1791444138,proc,858,12480,intelligencecontextd,12480
1791444138,proc,1078,192,aneuserd,192
1791444138,proc,1257,20880,Ollama,20832
1791444138,proc,1284,27584,ollama,27584
1791444138,proc,1299,336,GenerativeExperiencesSafetyInferenceProvider,336
1791444138,proc,1359,9472,IntelligencePlatformComputeService,9456
1791444138,proc,10533,336,intelligencetasksd,336
1791444138,proc,11900,352,ANECompilerService,352
1791444138,proc,27908,416,intelligenceplatformd,416
1791444138,proc,63081,1476576,Python,1461728
1791444138,proc,63124,61600,node,0
1791444138,sys,162644,71,40406,1|1668|56238|54270
1791444139,proc,780,368,visualintelligenced,368
1791444139,proc,787,4768,aned,4768
1791444139,proc,811,1120,translationd,1120
1791444139,proc,851,1056,generativeexperiencesd,1056
1791444139,proc,852,3904,intelligenceflowd,3904
1791444139,proc,858,12480,intelligencecontextd,12480
1791444139,proc,1078,192,aneuserd,192
1791444139,proc,1257,20880,Ollama,20832
1791444139,proc,1284,27584,ollama,27584
1791444139,proc,1299,336,GenerativeExperiencesSafetyInferenceProvider,336
1791444139,proc,1359,9472,IntelligencePlatformComputeService,9456
1791444139,proc,10533,336,intelligencetasksd,336
1791444139,proc,11900,352,ANECompilerService,352
1791444139,proc,27908,416,intelligenceplatformd,416
1791444139,proc,63081,1476848,Python,1461728
1791444139,proc,63124,61600,node,0
1791444139,sys,162644,71,39679,1|1668|56238|54263
1791444140,proc,780,368,visualintelligenced,368
1791444140,proc,787,4768,aned,4768
1791444140,proc,811,1120,translationd,1120
1791444140,proc,851,1056,generativeexperiencesd,1056
1791444140,proc,852,3904,intelligenceflowd,3904
1791444140,proc,858,12480,intelligencecontextd,12480
1791444140,proc,1078,192,aneuserd,192
1791444140,proc,1257,20880,Ollama,20832
1791444140,proc,1284,27584,ollama,27584
1791444140,proc,1299,336,GenerativeExperiencesSafetyInferenceProvider,336
1791444140,proc,1359,9472,IntelligencePlatformComputeService,9456
1791444140,proc,10533,336,intelligencetasksd,336
1791444140,proc,11900,352,ANECompilerService,352
1791444140,proc,27908,416,intelligenceplatformd,416
1791444140,proc,63081,1476848,Python,1461728
1791444140,proc,63124,61600,node,0
1791444140,sys,162644,71,39706,1|1668|56238|54260
1791444141,proc,780,368,visualintelligenced,368
1791444141,proc,787,4768,aned,4768
1791444141,proc,811,1120,translationd,1120
1791444141,proc,851,1056,generativeexperiencesd,1056
1791444141,proc,852,3904,intelligenceflowd,3904
1791444141,proc,858,12480,intelligencecontextd,12480
1791444141,proc,1078,192,aneuserd,192
1791444141,proc,1257,20880,Ollama,20832
1791444141,proc,1284,27584,ollama,27584
1791444141,proc,1299,336,GenerativeExperiencesSafetyInferenceProvider,336
1791444141,proc,1359,9456,IntelligencePlatformComputeService,9456
1791444141,proc,10533,336,intelligencetasksd,336
1791444141,proc,11900,352,ANECompilerService,352
1791444141,proc,27908,416,intelligenceplatformd,416
1791444141,proc,63081,1476608,Python,1461728
1791444141,proc,63124,61648,node,0
1791444141,sys,162644,71,41163,1|1668|56262|54259
1791444142,proc,780,368,visualintelligenced,368
1791444142,proc,787,4768,aned,4768
1791444142,proc,811,1120,translationd,1120
1791444142,proc,851,1056,generativeexperiencesd,1056
1791444142,proc,852,3904,intelligenceflowd,3904
1791444142,proc,858,12480,intelligencecontextd,12480
1791444142,proc,1078,192,aneuserd,192
1791444142,proc,1257,20880,Ollama,20832
1791444142,proc,1284,27584,ollama,27584
1791444142,proc,1299,336,GenerativeExperiencesSafetyInferenceProvider,336
1791444142,proc,1359,9456,IntelligencePlatformComputeService,9456
1791444142,proc,10533,336,intelligencetasksd,336
1791444142,proc,11900,352,ANECompilerService,352
1791444142,proc,27908,416,intelligenceplatformd,416
1791444142,proc,63081,1476608,Python,1461728
1791444142,proc,63124,61648,node,0
1791444142,sys,162644,71,39863,1|1660|56294|54245
1791444144,proc,780,368,visualintelligenced,368
1791444144,proc,787,4768,aned,4768
1791444144,proc,811,1120,translationd,1120
1791444144,proc,851,1056,generativeexperiencesd,1056
1791444144,proc,852,3904,intelligenceflowd,3904
1791444144,proc,858,12480,intelligencecontextd,12480
1791444144,proc,1078,192,aneuserd,192
1791444144,proc,1257,20880,Ollama,20832
1791444144,proc,1284,27584,ollama,27584
1791444144,proc,1299,336,GenerativeExperiencesSafetyInferenceProvider,336
1791444144,proc,1359,9552,IntelligencePlatformComputeService,9456
1791444144,proc,10533,336,intelligencetasksd,336
1791444144,proc,11900,352,ANECompilerService,352
1791444144,proc,27908,416,intelligenceplatformd,416
1791444144,proc,63081,1476592,Python,1461728
1791444144,proc,63124,61648,node,0
1791444144,sys,162644,71,39838,1|1660|56298|54236
1791444145,proc,780,368,visualintelligenced,368
1791444145,proc,787,4768,aned,4768
1791444145,proc,811,1120,translationd,1120
1791444145,proc,851,1056,generativeexperiencesd,1056
1791444145,proc,852,3904,intelligenceflowd,3904
1791444145,proc,858,12480,intelligencecontextd,12480
1791444145,proc,1078,192,aneuserd,192
1791444145,proc,1257,20832,Ollama,20832
1791444145,proc,1284,27584,ollama,27584
1791444145,proc,1299,336,GenerativeExperiencesSafetyInferenceProvider,336
1791444145,proc,1359,9552,IntelligencePlatformComputeService,9456
1791444145,proc,10533,336,intelligencetasksd,336
1791444145,proc,11900,352,ANECompilerService,352
1791444145,proc,27908,416,intelligenceplatformd,416
1791444145,proc,63081,1476832,Python,1461728
1791444145,proc,63124,61648,node,0
1791444145,sys,162644,72,42132,1|1660|56298|54236
1791444146,proc,780,368,visualintelligenced,368
1791444146,proc,787,4768,aned,4768
1791444146,proc,811,1120,translationd,1120
1791444146,proc,851,1056,generativeexperiencesd,1056
1791444146,proc,852,3904,intelligenceflowd,3904
1791444146,proc,858,12480,intelligencecontextd,12480
1791444146,proc,1078,192,aneuserd,192
1791444146,proc,1257,20832,Ollama,20832
1791444146,proc,1284,27584,ollama,27584
1791444146,proc,1299,336,GenerativeExperiencesSafetyInferenceProvider,336
1791444146,proc,1359,9552,IntelligencePlatformComputeService,9456
1791444146,proc,10533,336,intelligencetasksd,336
1791444146,proc,11900,352,ANECompilerService,352
1791444146,proc,27908,416,intelligenceplatformd,416
1791444146,proc,63081,1476544,Python,1461728
1791444146,proc,63124,61744,node,0
1791444146,sys,162644,72,40504,1|1660|56302|54237
1791444147,proc,780,368,visualintelligenced,368
1791444147,proc,787,4768,aned,4768
1791444147,proc,811,1120,translationd,1120
1791444147,proc,851,1056,generativeexperiencesd,1056
1791444147,proc,852,3904,intelligenceflowd,3904
1791444147,proc,858,12480,intelligencecontextd,12480
1791444147,proc,1078,192,aneuserd,192
1791444147,proc,1257,20832,Ollama,20832
1791444147,proc,1284,27584,ollama,27584
1791444147,proc,1299,336,GenerativeExperiencesSafetyInferenceProvider,336
1791444147,proc,1359,9552,IntelligencePlatformComputeService,9456
1791444147,proc,10533,336,intelligencetasksd,336
1791444147,proc,11900,352,ANECompilerService,352
1791444147,proc,27908,416,intelligenceplatformd,416
1791444147,proc,63081,1476544,Python,1461728
1791444147,proc,63124,61744,node,0
1791444147,sys,162644,72,40989,1|1660|56302|54232
1791444148,proc,780,368,visualintelligenced,368
1791444148,proc,787,4768,aned,4768
1791444148,proc,811,1120,translationd,1120
1791444148,proc,851,1056,generativeexperiencesd,1056
1791444148,proc,852,3904,intelligenceflowd,3904
1791444148,proc,858,12480,intelligencecontextd,12480
1791444148,proc,1078,192,aneuserd,192
1791444148,proc,1257,20832,Ollama,20832
1791444148,proc,1284,27584,ollama,27584
1791444148,proc,1299,336,GenerativeExperiencesSafetyInferenceProvider,336
1791444148,proc,1359,9504,IntelligencePlatformComputeService,9456
1791444148,proc,10533,336,intelligencetasksd,336
1791444148,proc,11900,352,ANECompilerService,352
1791444148,proc,27908,416,intelligenceplatformd,416
1791444148,proc,63081,1476576,Python,1461728
1791444148,proc,63124,61792,node,0
1791444148,sys,162644,72,41857,1|1660|56302|54232
1791444149,proc,780,368,visualintelligenced,368
1791444149,proc,787,4768,aned,4768
1791444149,proc,811,1120,translationd,1120
1791444149,proc,851,1056,generativeexperiencesd,1056
1791444149,proc,852,3904,intelligenceflowd,3904
1791444149,proc,858,12480,intelligencecontextd,12480
1791444149,proc,1078,192,aneuserd,192
1791444149,proc,1257,20832,Ollama,20832
1791444149,proc,1284,27584,ollama,27584
1791444149,proc,1299,336,GenerativeExperiencesSafetyInferenceProvider,336
1791444149,proc,1359,9504,IntelligencePlatformComputeService,9456
1791444149,proc,10533,336,intelligencetasksd,336
1791444149,proc,11900,352,ANECompilerService,352
1791444149,proc,27908,416,intelligenceplatformd,416
1791444149,proc,63081,1476512,Python,1461728
1791444149,proc,63124,61792,node,0
1791444149,sys,162644,72,42668,1|1660|56302|54221
1791444150,proc,780,368,visualintelligenced,368
1791444150,proc,787,4768,aned,4768
1791444150,proc,811,1120,translationd,1120
1791444150,proc,851,1056,generativeexperiencesd,1056
1791444150,proc,852,3904,intelligenceflowd,3904
1791444150,proc,858,12480,intelligencecontextd,12480
1791444150,proc,1078,192,aneuserd,192
1791444150,proc,1257,20832,Ollama,20832
1791444150,proc,1284,27584,ollama,27584
1791444150,proc,1299,336,GenerativeExperiencesSafetyInferenceProvider,336
1791444150,proc,1359,9568,IntelligencePlatformComputeService,9456
1791444150,proc,10533,336,intelligencetasksd,336
1791444150,proc,11900,352,ANECompilerService,352
1791444150,proc,27908,416,intelligenceplatformd,416
1791444150,proc,63081,1476768,Python,1461728
1791444150,proc,63124,61792,node,0
1791444150,sys,162644,70,41769,1|1660|56306|54217
1791444151,proc,780,368,visualintelligenced,368
1791444151,proc,787,4768,aned,4768
1791444151,proc,811,1120,translationd,1120
1791444151,proc,851,1056,generativeexperiencesd,1056
1791444151,proc,852,3904,intelligenceflowd,3904
1791444151,proc,858,12480,intelligencecontextd,12480
1791444151,proc,1078,192,aneuserd,192
1791444151,proc,1257,20832,Ollama,20832
1791444151,proc,1284,27584,ollama,27584
1791444151,proc,1299,336,GenerativeExperiencesSafetyInferenceProvider,336
1791444151,proc,1359,9568,IntelligencePlatformComputeService,9456
1791444151,proc,10533,336,intelligencetasksd,336
1791444151,proc,11900,352,ANECompilerService,352
1791444151,proc,27908,416,intelligenceplatformd,416
1791444151,proc,63081,1476768,Python,1461728
1791444151,proc,63124,61792,node,0
1791444151,sys,162644,70,41023,1|1660|56306|54217
1791444152,proc,780,368,visualintelligenced,368
1791444152,proc,787,4768,aned,4768
1791444152,proc,811,1120,translationd,1120
1791444152,proc,851,1056,generativeexperiencesd,1056
1791444152,proc,852,3904,intelligenceflowd,3904
1791444152,proc,858,12480,intelligencecontextd,12480
1791444152,proc,1078,192,aneuserd,192
1791444152,proc,1257,20832,Ollama,20832
1791444152,proc,1284,27584,ollama,27584
1791444152,proc,1299,336,GenerativeExperiencesSafetyInferenceProvider,336
1791444152,proc,1359,9568,IntelligencePlatformComputeService,9456
1791444152,proc,10533,336,intelligencetasksd,336
1791444152,proc,11900,352,ANECompilerService,352
1791444152,proc,27908,416,intelligenceplatformd,416
1791444152,proc,63081,1476512,Python,1461728
1791444152,proc,63124,61872,node,0
1791444152,sys,162644,70,40745,1|1660|56306|54215
1791444153,proc,780,368,visualintelligenced,368
1791444153,proc,787,4768,aned,4768
1791444153,proc,811,1120,translationd,1120
1791444153,proc,851,1056,generativeexperiencesd,1056
1791444153,proc,852,3904,intelligenceflowd,3904
1791444153,proc,858,12480,intelligencecontextd,12480
1791444153,proc,1078,192,aneuserd,192
1791444153,proc,1257,20832,Ollama,20832
1791444153,proc,1284,27584,ollama,27584
1791444153,proc,1299,336,GenerativeExperiencesSafetyInferenceProvider,336
1791444153,proc,1359,9568,IntelligencePlatformComputeService,9456
1791444153,proc,10533,336,intelligencetasksd,336
1791444153,proc,11900,352,ANECompilerService,352
1791444153,proc,27908,416,intelligenceplatformd,416
1791444153,proc,63081,1476512,Python,1461728
1791444153,proc,63124,61872,node,0
1791444153,proc,64159,21792,mdworker_shared,0
1791444153,sys,162644,70,41374,1|1660|56306|54212
1791444154,proc,780,368,visualintelligenced,368
1791444154,proc,787,4768,aned,4768
1791444154,proc,811,1120,translationd,1120
1791444154,proc,851,1056,generativeexperiencesd,1056
1791444154,proc,852,3904,intelligenceflowd,3904
1791444154,proc,858,12480,intelligencecontextd,12480
1791444154,proc,1078,192,aneuserd,192
1791444154,proc,1257,20832,Ollama,20832
1791444154,proc,1284,27584,ollama,27584
1791444154,proc,1299,336,GenerativeExperiencesSafetyInferenceProvider,336
1791444154,proc,1359,9568,IntelligencePlatformComputeService,9456
1791444154,proc,10533,336,intelligencetasksd,336
1791444154,proc,11900,352,ANECompilerService,352
1791444154,proc,27908,416,intelligenceplatformd,416
1791444154,proc,63081,1476832,Python,1461728
1791444154,proc,63124,61872,node,0
1791444154,proc,64159,21792,mdworker_shared,0
1791444154,sys,162644,70,43407,1|1660|56306|54210
1791444155,proc,780,368,visualintelligenced,368
1791444155,proc,787,4768,aned,4768
1791444155,proc,811,1120,translationd,1120
1791444155,proc,851,1056,generativeexperiencesd,1056
1791444155,proc,852,3904,intelligenceflowd,3904
1791444155,proc,858,12480,intelligencecontextd,12480
1791444155,proc,1078,192,aneuserd,192
1791444155,proc,1257,20832,Ollama,20832
1791444155,proc,1284,27584,ollama,27584
1791444155,proc,1299,336,GenerativeExperiencesSafetyInferenceProvider,336
1791444155,proc,1359,9520,IntelligencePlatformComputeService,9456
1791444155,proc,10533,336,intelligencetasksd,336
1791444155,proc,11900,352,ANECompilerService,352
1791444155,proc,27908,416,intelligenceplatformd,416
1791444155,proc,63081,1476912,Python,1461728
1791444155,proc,63124,61872,node,0
1791444155,proc,64159,21792,mdworker_shared,0
1791444155,sys,162644,71,41869,1|1660|56310|54196
1791444156,proc,780,368,visualintelligenced,368
1791444156,proc,787,4768,aned,4768
1791444156,proc,811,1120,translationd,1120
1791444156,proc,851,1056,generativeexperiencesd,1056
1791444156,proc,852,3952,intelligenceflowd,3904
1791444156,proc,858,12480,intelligencecontextd,12480
1791444156,proc,1078,192,aneuserd,192
1791444156,proc,1257,20832,Ollama,20832
1791444156,proc,1284,27584,ollama,27584
1791444156,proc,1299,336,GenerativeExperiencesSafetyInferenceProvider,336
1791444156,proc,1359,9520,IntelligencePlatformComputeService,9456
1791444156,proc,10533,336,intelligencetasksd,336
1791444156,proc,11900,352,ANECompilerService,352
1791444156,proc,27908,416,intelligenceplatformd,416
1791444156,proc,63081,1476960,Python,1461728
1791444156,proc,63124,61872,node,0
1791444156,proc,64159,21792,mdworker_shared,0
1791444156,sys,162644,71,42219,1|1660|56310|54100
1791444157,proc,780,368,visualintelligenced,368
1791444157,proc,787,4768,aned,4768
1791444157,proc,811,1120,translationd,1120
1791444157,proc,851,1056,generativeexperiencesd,1056
1791444157,proc,852,3952,intelligenceflowd,3904
1791444157,proc,858,12480,intelligencecontextd,12480
1791444157,proc,1078,192,aneuserd,192
1791444157,proc,1257,20832,Ollama,20832
1791444157,proc,1284,27584,ollama,27584
1791444157,proc,1299,336,GenerativeExperiencesSafetyInferenceProvider,336
1791444157,proc,1359,9520,IntelligencePlatformComputeService,9456
1791444157,proc,10533,336,intelligencetasksd,336
1791444157,proc,11900,352,ANECompilerService,352
1791444157,proc,27908,416,intelligenceplatformd,416
1791444157,proc,63081,1476976,Python,1461728
1791444157,proc,63124,61872,node,0
1791444157,proc,64159,21792,mdworker_shared,0
1791444157,sys,162644,71,42909,1|1660|56318|54041
1791444158,proc,780,368,visualintelligenced,368
1791444158,proc,787,4768,aned,4768
1791444158,proc,811,1120,translationd,1120
1791444158,proc,851,1056,generativeexperiencesd,1056
1791444158,proc,852,3952,intelligenceflowd,3904
1791444158,proc,858,12480,intelligencecontextd,12480
1791444158,proc,1078,192,aneuserd,192
1791444158,proc,1257,20832,Ollama,20832
1791444158,proc,1284,27584,ollama,27584
1791444158,proc,1299,336,GenerativeExperiencesSafetyInferenceProvider,336
1791444158,proc,1359,9520,IntelligencePlatformComputeService,9456
1791444158,proc,10533,336,intelligencetasksd,336
1791444158,proc,11900,352,ANECompilerService,352
1791444158,proc,27908,416,intelligenceplatformd,416
1791444158,proc,63081,1477136,Python,1461728
1791444158,proc,63124,61872,node,0
1791444158,proc,64159,21760,mdworker_shared,0
1791444158,sys,162644,71,42633,1|1660|56322|54043
1791444160,proc,780,368,visualintelligenced,368
1791444160,proc,787,4768,aned,4768
1791444160,proc,811,1120,translationd,1120
1791444160,proc,851,1056,generativeexperiencesd,1056
1791444160,proc,852,3952,intelligenceflowd,3904
1791444160,proc,858,12480,intelligencecontextd,12480
1791444160,proc,1078,192,aneuserd,192
1791444160,proc,1257,20832,Ollama,20832
1791444160,proc,1284,27584,ollama,27584
1791444160,proc,1299,336,GenerativeExperiencesSafetyInferenceProvider,336
1791444160,proc,1359,9520,IntelligencePlatformComputeService,9456
1791444160,proc,10533,336,intelligencetasksd,336
1791444160,proc,11900,352,ANECompilerService,352
1791444160,proc,27908,416,intelligenceplatformd,416
1791444160,proc,63081,1477504,Python,1461728
1791444160,proc,63124,61872,node,0
1791444160,proc,64159,21760,mdworker_shared,0
1791444160,sys,162644,71,42278,1|1660|56326|54033
1791444161,proc,780,368,visualintelligenced,368
1791444161,proc,787,4768,aned,4768
1791444161,proc,811,1120,translationd,1120
1791444161,proc,851,1056,generativeexperiencesd,1056
1791444161,proc,852,3952,intelligenceflowd,3904
1791444161,proc,858,12480,intelligencecontextd,12480
1791444161,proc,1078,192,aneuserd,192
1791444161,proc,1257,20832,Ollama,20832
1791444161,proc,1284,27584,ollama,27584
1791444161,proc,1299,336,GenerativeExperiencesSafetyInferenceProvider,336
1791444161,proc,1359,9440,IntelligencePlatformComputeService,9456
1791444161,proc,10533,336,intelligencetasksd,336
1791444161,proc,11900,352,ANECompilerService,352
1791444161,proc,27908,416,intelligenceplatformd,416
1791444161,proc,63081,1477552,Python,1461728
1791444161,proc,63124,61872,node,0
1791444161,proc,64159,21760,mdworker_shared,0
1791444161,sys,162644,70,42629,1|1660|56330|54037
1791444162,proc,780,368,visualintelligenced,368
1791444162,proc,787,4768,aned,4768
1791444162,proc,811,1120,translationd,1120
1791444162,proc,851,1056,generativeexperiencesd,1056
1791444162,proc,852,3904,intelligenceflowd,3904
1791444162,proc,858,12480,intelligencecontextd,12480
1791444162,proc,1078,192,aneuserd,192
1791444162,proc,1257,20832,Ollama,20832
1791444162,proc,1284,27584,ollama,27584
1791444162,proc,1299,336,GenerativeExperiencesSafetyInferenceProvider,336
1791444162,proc,1359,9440,IntelligencePlatformComputeService,9456
1791444162,proc,10533,336,intelligencetasksd,336
1791444162,proc,11900,352,ANECompilerService,352
1791444162,proc,27908,416,intelligenceplatformd,416
1791444162,proc,63081,1476816,Python,1461728
1791444162,proc,63124,61984,node,0
1791444162,proc,64159,21760,mdworker_shared,0
1791444162,sys,162644,70,41573,1|1660|56330|54018
1791444163,proc,780,368,visualintelligenced,368
1791444163,proc,787,4768,aned,4768
1791444163,proc,811,1120,translationd,1120
1791444163,proc,851,1056,generativeexperiencesd,1056
1791444163,proc,852,3904,intelligenceflowd,3904
1791444163,proc,858,12480,intelligencecontextd,12480
1791444163,proc,1078,192,aneuserd,192
1791444163,proc,1257,20832,Ollama,20832
1791444163,proc,1284,27584,ollama,27584
1791444163,proc,1299,336,GenerativeExperiencesSafetyInferenceProvider,336
1791444163,proc,1359,9440,IntelligencePlatformComputeService,9456
1791444163,proc,10533,336,intelligencetasksd,336
1791444163,proc,11900,352,ANECompilerService,352
1791444163,proc,27908,416,intelligenceplatformd,416
1791444163,proc,63081,1476816,Python,1461728
1791444163,proc,63124,61984,node,0
1791444163,proc,64159,21760,mdworker_shared,0
1791444163,sys,162644,70,41504,1|1660|56330|54014
1791444164,proc,780,368,visualintelligenced,368
1791444164,proc,787,4768,aned,4768
1791444164,proc,811,1120,translationd,1120
1791444164,proc,851,1056,generativeexperiencesd,1056
1791444164,proc,852,3904,intelligenceflowd,3904
1791444164,proc,858,12480,intelligencecontextd,12480
1791444164,proc,1078,192,aneuserd,192
1791444164,proc,1257,20832,Ollama,20832
1791444164,proc,1284,27584,ollama,27584
1791444164,proc,1299,336,GenerativeExperiencesSafetyInferenceProvider,336
1791444164,proc,1359,9440,IntelligencePlatformComputeService,9456
1791444164,proc,10533,336,intelligencetasksd,336
1791444164,proc,11900,352,ANECompilerService,352
1791444164,proc,27908,416,intelligenceplatformd,416
1791444164,proc,63081,1476816,Python,1461728
1791444164,proc,63124,61984,node,0
1791444164,proc,64159,21760,mdworker_shared,0
1791444164,sys,162644,70,40621,1|1660|56330|54014
1791444165,proc,780,368,visualintelligenced,368
1791444165,proc,787,4768,aned,4768
1791444165,proc,811,1120,translationd,1120
1791444165,proc,851,1056,generativeexperiencesd,1056
1791444165,proc,852,3904,intelligenceflowd,3904
1791444165,proc,858,12480,intelligencecontextd,12480
1791444165,proc,1078,192,aneuserd,192
1791444165,proc,1257,20832,Ollama,20832
1791444165,proc,1284,27584,ollama,27584
1791444165,proc,1299,336,GenerativeExperiencesSafetyInferenceProvider,336
1791444165,proc,1359,9328,IntelligencePlatformComputeService,9456
1791444165,proc,10533,336,intelligencetasksd,336
1791444165,proc,11900,352,ANECompilerService,352
1791444165,proc,27908,416,intelligenceplatformd,416
1791444165,proc,63081,1477152,Python,1461728
1791444165,proc,63124,62064,node,0
1791444165,proc,64159,21760,mdworker_shared,0
1791444165,sys,162644,70,42205,1|1660|56330|54014
1791444166,proc,780,368,visualintelligenced,368
1791444166,proc,787,4768,aned,4768
1791444166,proc,811,1120,translationd,1120
1791444166,proc,851,1056,generativeexperiencesd,1056
1791444166,proc,852,3904,intelligenceflowd,3904
1791444166,proc,858,12480,intelligencecontextd,12480
1791444166,proc,1078,192,aneuserd,192
1791444166,proc,1257,20832,Ollama,20832
1791444166,proc,1284,27584,ollama,27584
1791444166,proc,1299,336,GenerativeExperiencesSafetyInferenceProvider,336
1791444166,proc,1359,9328,IntelligencePlatformComputeService,9456
1791444166,proc,10533,336,intelligencetasksd,336
1791444166,proc,11900,352,ANECompilerService,352
1791444166,proc,27908,416,intelligenceplatformd,416
1791444166,proc,63081,1477200,Python,1461728
1791444166,proc,63124,62064,node,0
1791444166,proc,64159,21760,mdworker_shared,0
1791444166,sys,162644,72,40708,1|1660|56342|54016
1791444167,proc,780,368,visualintelligenced,368
1791444167,proc,787,4768,aned,4768
1791444167,proc,811,1120,translationd,1120
1791444167,proc,851,1056,generativeexperiencesd,1056
1791444167,proc,852,3904,intelligenceflowd,3904
1791444167,proc,858,12480,intelligencecontextd,12480
1791444167,proc,1078,192,aneuserd,192
1791444167,proc,1257,20832,Ollama,20832
1791444167,proc,1284,27584,ollama,27584
1791444167,proc,1299,336,GenerativeExperiencesSafetyInferenceProvider,336
1791444167,proc,1359,9456,IntelligencePlatformComputeService,9456
1791444167,proc,10533,336,intelligencetasksd,336
1791444167,proc,11900,352,ANECompilerService,352
1791444167,proc,27908,416,intelligenceplatformd,416
1791444167,proc,63081,1477200,Python,1461728
1791444167,proc,63124,62080,node,0
1791444167,proc,64159,21760,mdworker_shared,0
1791444167,sys,162644,72,39662,1|1660|56342|54006
1791444168,proc,780,368,visualintelligenced,368
1791444168,proc,787,4768,aned,4768
1791444168,proc,811,1120,translationd,1120
1791444168,proc,851,1056,generativeexperiencesd,1056
1791444168,proc,852,3904,intelligenceflowd,3904
1791444168,proc,858,12480,intelligencecontextd,12480
1791444168,proc,1078,192,aneuserd,192
1791444168,proc,1257,20832,Ollama,20832
1791444168,proc,1284,27584,ollama,27584
1791444168,proc,1299,336,GenerativeExperiencesSafetyInferenceProvider,336
1791444168,proc,1359,9456,IntelligencePlatformComputeService,9456
1791444168,proc,10533,336,intelligencetasksd,336
1791444168,proc,11900,352,ANECompilerService,352
1791444168,proc,27908,416,intelligenceplatformd,416
1791444168,proc,63081,1476944,Python,1461728
1791444168,proc,63124,62160,node,0
1791444168,proc,64159,21760,mdworker_shared,0
1791444168,sys,162644,72,37157,1|1660|56346|53999
1791444169,proc,780,368,visualintelligenced,368
1791444169,proc,787,4768,aned,4768
1791444169,proc,811,1120,translationd,1120
1791444169,proc,851,1056,generativeexperiencesd,1056
1791444169,proc,852,3904,intelligenceflowd,3904
1791444169,proc,858,12480,intelligencecontextd,12480
1791444169,proc,1078,192,aneuserd,192
1791444169,proc,1257,20832,Ollama,20832
1791444169,proc,1284,27584,ollama,27584
1791444169,proc,1299,336,GenerativeExperiencesSafetyInferenceProvider,336
1791444169,proc,1359,9456,IntelligencePlatformComputeService,9456
1791444169,proc,10533,336,intelligencetasksd,336
1791444169,proc,11900,352,ANECompilerService,352
1791444169,proc,27908,416,intelligenceplatformd,416
1791444169,proc,63081,1476944,Python,1461728
1791444169,proc,63124,62160,node,0
1791444169,proc,64159,21760,mdworker_shared,0
1791444169,sys,162644,72,39264,1|1660|56350|53988
1791444170,proc,780,368,visualintelligenced,368
1791444170,proc,787,4768,aned,4768
1791444170,proc,811,1120,translationd,1120
1791444170,proc,851,1056,generativeexperiencesd,1056
1791444170,proc,852,3904,intelligenceflowd,3904
1791444170,proc,858,12480,intelligencecontextd,12480
1791444170,proc,1078,192,aneuserd,192
1791444170,proc,1257,20832,Ollama,20832
1791444170,proc,1284,27584,ollama,27584
1791444170,proc,1299,336,GenerativeExperiencesSafetyInferenceProvider,336
1791444170,proc,1359,9456,IntelligencePlatformComputeService,9456
1791444170,proc,10533,336,intelligencetasksd,336
1791444170,proc,11900,352,ANECompilerService,352
1791444170,proc,27908,416,intelligenceplatformd,416
1791444170,proc,63081,1477248,Python,1461728
1791444170,proc,63124,62160,node,0
1791444170,proc,64159,21760,mdworker_shared,0
1791444170,sys,162644,72,38009,1|1660|56350|53986
1791444171,proc,780,368,visualintelligenced,368
1791444171,proc,787,4768,aned,4768
1791444171,proc,811,1120,translationd,1120
1791444171,proc,851,1056,generativeexperiencesd,1056
1791444171,proc,852,3904,intelligenceflowd,3904
1791444171,proc,858,12480,intelligencecontextd,12480
1791444171,proc,1078,192,aneuserd,192
1791444171,proc,1257,20848,Ollama,20832
1791444171,proc,1284,27584,ollama,27584
1791444171,proc,1299,336,GenerativeExperiencesSafetyInferenceProvider,336
1791444171,proc,1359,9440,IntelligencePlatformComputeService,9456
1791444171,proc,10533,336,intelligencetasksd,336
1791444171,proc,11900,352,ANECompilerService,352
1791444171,proc,27908,416,intelligenceplatformd,416
1791444171,proc,63081,1477248,Python,1461728
1791444171,proc,63124,62160,node,0
1791444171,proc,64159,21760,mdworker_shared,0
1791444171,sys,162644,72,38525,1|1660|56354|53979
1791444172,proc,780,368,visualintelligenced,368
1791444172,proc,787,4768,aned,4768
1791444172,proc,811,1120,translationd,1120
1791444172,proc,851,1056,generativeexperiencesd,1056
1791444172,proc,852,3904,intelligenceflowd,3904
1791444172,proc,858,12480,intelligencecontextd,12480
1791444172,proc,1078,192,aneuserd,192
1791444172,proc,1257,20848,Ollama,20832
1791444172,proc,1284,27584,ollama,27584
1791444172,proc,1299,336,GenerativeExperiencesSafetyInferenceProvider,336
1791444172,proc,1359,9440,IntelligencePlatformComputeService,9456
1791444172,proc,10533,336,intelligencetasksd,336
1791444172,proc,11900,352,ANECompilerService,352
1791444172,proc,27908,416,intelligenceplatformd,416
1791444172,proc,63081,1476944,Python,1461728
1791444172,proc,63124,62416,node,0
1791444172,proc,64159,21760,mdworker_shared,0
1791444172,sys,162644,72,39273,1|1660|56354|53977
1791444173,proc,780,368,visualintelligenced,368
1791444173,proc,787,4768,aned,4768
1791444173,proc,811,1120,translationd,1120
1791444173,proc,851,1056,generativeexperiencesd,1056
1791444173,proc,852,3904,intelligenceflowd,3904
1791444173,proc,858,12480,intelligencecontextd,12480
1791444173,proc,1078,192,aneuserd,192
1791444173,proc,1257,20848,Ollama,20832
1791444173,proc,1284,27584,ollama,27584
1791444173,proc,1299,336,GenerativeExperiencesSafetyInferenceProvider,336
1791444173,proc,1359,9360,IntelligencePlatformComputeService,9456
1791444173,proc,10533,336,intelligencetasksd,336
1791444173,proc,11900,352,ANECompilerService,352
1791444173,proc,27908,416,intelligenceplatformd,416
1791444173,proc,63081,1477024,Python,1461728
1791444173,proc,63124,62416,node,0
1791444173,proc,64159,21760,mdworker_shared,0
1791444173,sys,162644,72,41203,1|1660|56354|53974
1791444174,proc,780,368,visualintelligenced,368
1791444174,proc,787,4768,aned,4768
1791444174,proc,811,1120,translationd,1120
1791444174,proc,851,1056,generativeexperiencesd,1056
1791444174,proc,852,3904,intelligenceflowd,3904
1791444174,proc,858,12480,intelligencecontextd,12480
1791444174,proc,1078,192,aneuserd,192
1791444174,proc,1257,20848,Ollama,20832
1791444174,proc,1284,27584,ollama,27584
1791444174,proc,1299,336,GenerativeExperiencesSafetyInferenceProvider,336
1791444174,proc,1359,9360,IntelligencePlatformComputeService,9456
1791444174,proc,10533,336,intelligencetasksd,336
1791444174,proc,11900,352,ANECompilerService,352
1791444174,proc,27908,416,intelligenceplatformd,416
1791444174,proc,63081,1477296,Python,1461728
1791444174,proc,63124,62416,node,0
1791444174,proc,64159,21760,mdworker_shared,0
1791444174,sys,162644,72,41298,1|1660|56354|53974
1791444175,proc,780,368,visualintelligenced,368
1791444175,proc,787,4768,aned,4768
1791444175,proc,811,1120,translationd,1120
1791444175,proc,851,1056,generativeexperiencesd,1056
1791444175,proc,852,3904,intelligenceflowd,3904
1791444175,proc,858,12480,intelligencecontextd,12480
1791444175,proc,1078,192,aneuserd,192
1791444175,proc,1257,20848,Ollama,20832
1791444175,proc,1284,27584,ollama,27584
1791444175,proc,1299,336,GenerativeExperiencesSafetyInferenceProvider,336
1791444175,proc,1359,9360,IntelligencePlatformComputeService,9456
1791444175,proc,10533,336,intelligencetasksd,336
1791444175,proc,11900,352,ANECompilerService,352
1791444175,proc,27908,416,intelligenceplatformd,416
1791444175,proc,63081,1477296,Python,1461728
1791444175,proc,63124,62416,node,0
1791444175,proc,64159,21760,mdworker_shared,0
1791444175,sys,162644,72,42083,1|1660|56354|53968
1791444177,proc,780,368,visualintelligenced,368
1791444177,proc,787,4768,aned,4768
1791444177,proc,811,1120,translationd,1120
1791444177,proc,851,1056,generativeexperiencesd,1056
1791444177,proc,852,3904,intelligenceflowd,3904
1791444177,proc,858,12480,intelligencecontextd,12480
1791444177,proc,1078,192,aneuserd,192
1791444177,proc,1257,20848,Ollama,20832
1791444177,proc,1284,27584,ollama,27584
1791444177,proc,1299,336,GenerativeExperiencesSafetyInferenceProvider,336
1791444177,proc,1359,9456,IntelligencePlatformComputeService,9456
1791444177,proc,10533,336,intelligencetasksd,336
1791444177,proc,11900,352,ANECompilerService,352
1791444177,proc,27908,416,intelligenceplatformd,416
1791444177,proc,63081,1477024,Python,1461728
1791444177,proc,63124,62528,node,0
1791444177,proc,64159,21760,mdworker_shared,0
1791444177,sys,162644,70,40061,1|1660|56354|53966
1791444178,proc,780,368,visualintelligenced,368
1791444178,proc,787,4768,aned,4768
1791444178,proc,811,1120,translationd,1120
1791444178,proc,851,1056,generativeexperiencesd,1056
1791444178,proc,852,3904,intelligenceflowd,3904
1791444178,proc,858,12480,intelligencecontextd,12480
1791444178,proc,1078,192,aneuserd,192
1791444178,proc,1257,20752,Ollama,20832
1791444178,proc,1284,27584,ollama,27584
1791444178,proc,1299,336,GenerativeExperiencesSafetyInferenceProvider,336
1791444178,proc,1359,9456,IntelligencePlatformComputeService,9456
1791444178,proc,10533,336,intelligencetasksd,336
1791444178,proc,11900,352,ANECompilerService,352
1791444178,proc,27908,416,intelligenceplatformd,416
1791444178,proc,63081,1477008,Python,1461728
1791444178,proc,63124,62576,node,0
1791444178,proc,64159,21760,mdworker_shared,0
1791444178,sys,162644,70,41376,1|1660|56354|53965
1791444179,proc,780,368,visualintelligenced,368
1791444179,proc,787,4768,aned,4768
1791444179,proc,811,1120,translationd,1120
1791444179,proc,851,1056,generativeexperiencesd,1056
1791444179,proc,852,3904,intelligenceflowd,3904
1791444179,proc,858,12480,intelligencecontextd,12480
1791444179,proc,1078,192,aneuserd,192
1791444179,proc,1257,20752,Ollama,20832
1791444179,proc,1284,27584,ollama,27584
1791444179,proc,1299,336,GenerativeExperiencesSafetyInferenceProvider,336
1791444179,proc,1359,9456,IntelligencePlatformComputeService,9456
1791444179,proc,10533,336,intelligencetasksd,336
1791444179,proc,11900,352,ANECompilerService,352
1791444179,proc,27908,416,intelligenceplatformd,416
1791444179,proc,63081,1477008,Python,1461728
1791444179,proc,63124,62576,node,0
1791444179,proc,64159,21760,mdworker_shared,0
1791444179,sys,162644,70,42464,1|1660|56354|53963
1791444180,proc,780,368,visualintelligenced,368
1791444180,proc,787,4768,aned,4768
1791444180,proc,811,1120,translationd,1120
1791444180,proc,851,1056,generativeexperiencesd,1056
1791444180,proc,852,3904,intelligenceflowd,3904
1791444180,proc,858,12480,intelligencecontextd,12480
1791444180,proc,1078,192,aneuserd,192
1791444180,proc,1257,20752,Ollama,20832
1791444180,proc,1284,27584,ollama,27584
1791444180,proc,1299,336,GenerativeExperiencesSafetyInferenceProvider,336
1791444180,proc,1359,9536,IntelligencePlatformComputeService,9456
1791444180,proc,10533,336,intelligencetasksd,336
1791444180,proc,11900,352,ANECompilerService,352
1791444180,proc,27908,416,intelligenceplatformd,416
1791444180,proc,63081,1477536,Python,1461728
1791444180,proc,63124,62576,node,0
1791444180,proc,64159,21760,mdworker_shared,0
1791444180,sys,162644,70,41573,1|1660|56370|53967
1791444181,proc,780,368,visualintelligenced,368
1791444181,proc,787,4768,aned,4768
1791444181,proc,811,1120,translationd,1120
1791444181,proc,851,1056,generativeexperiencesd,1056
1791444181,proc,852,3904,intelligenceflowd,3904
1791444181,proc,858,12480,intelligencecontextd,12480
1791444181,proc,1078,192,aneuserd,192
1791444181,proc,1257,20752,Ollama,20832
1791444181,proc,1284,27584,ollama,27584
1791444181,proc,1299,336,GenerativeExperiencesSafetyInferenceProvider,336
1791444181,proc,1359,9536,IntelligencePlatformComputeService,9456
1791444181,proc,10533,336,intelligencetasksd,336
1791444181,proc,11900,352,ANECompilerService,352
1791444181,proc,27908,416,intelligenceplatformd,416
1791444181,proc,63081,1477536,Python,1461728
1791444181,proc,63124,62576,node,0
1791444181,proc,64159,21760,mdworker_shared,0
1791444181,sys,162644,70,42019,1|1660|56370|53967
1791444182,proc,780,368,visualintelligenced,368
1791444182,proc,787,4768,aned,4768
1791444182,proc,811,1120,translationd,1120
1791444182,proc,851,1056,generativeexperiencesd,1056
1791444182,proc,852,3904,intelligenceflowd,3904
1791444182,proc,858,12480,intelligencecontextd,12480
1791444182,proc,1078,192,aneuserd,192
1791444182,proc,1257,20752,Ollama,20832
1791444182,proc,1284,27584,ollama,27584
1791444182,proc,1299,336,GenerativeExperiencesSafetyInferenceProvider,336
1791444182,proc,1359,9536,IntelligencePlatformComputeService,9456
1791444182,proc,10533,336,intelligencetasksd,336
1791444182,proc,11900,352,ANECompilerService,352
1791444182,proc,27908,416,intelligenceplatformd,416
1791444182,proc,63081,1477552,Python,1461728
1791444182,proc,63124,62576,node,0
1791444182,proc,64159,21760,mdworker_shared,0
1791444182,sys,162644,72,40296,1|1660|56474|54037
1791444183,proc,780,368,visualintelligenced,368
1791444183,proc,787,4768,aned,4768
1791444183,proc,811,1120,translationd,1120
1791444183,proc,851,1056,generativeexperiencesd,1056
1791444183,proc,852,3904,intelligenceflowd,3904
1791444183,proc,858,12480,intelligencecontextd,12480
1791444183,proc,1078,192,aneuserd,192
1791444183,proc,1257,20800,Ollama,20832
1791444183,proc,1284,27584,ollama,27584
1791444183,proc,1299,336,GenerativeExperiencesSafetyInferenceProvider,336
1791444183,proc,1359,9536,IntelligencePlatformComputeService,9456
1791444183,proc,10533,336,intelligencetasksd,336
1791444183,proc,11900,352,ANECompilerService,352
1791444183,proc,27908,416,intelligenceplatformd,416
1791444183,proc,63081,1477552,Python,1461728
1791444183,proc,63124,62576,node,0
1791444183,proc,64159,22000,mdworker_shared,0
1791444183,sys,162644,72,40070,1|1660|56506|54062
1791444184,proc,780,368,visualintelligenced,368
1791444184,proc,787,4768,aned,4768
1791444184,proc,811,1120,translationd,1120
1791444184,proc,851,1056,generativeexperiencesd,1056
1791444184,proc,852,3904,intelligenceflowd,3904
1791444184,proc,858,12480,intelligencecontextd,12480
1791444184,proc,1078,192,aneuserd,192
1791444184,proc,1257,20800,Ollama,20832
1791444184,proc,1284,27584,ollama,27584
1791444184,proc,1299,336,GenerativeExperiencesSafetyInferenceProvider,336
1791444184,proc,1359,9584,IntelligencePlatformComputeService,9456
1791444184,proc,10533,336,intelligencetasksd,336
1791444184,proc,11900,352,ANECompilerService,352
1791444184,proc,27908,416,intelligenceplatformd,416
1791444184,proc,63081,1477520,Python,1461728
1791444184,proc,63124,62576,node,0
1791444184,proc,64159,22000,mdworker_shared,0
1791444184,sys,162644,72,39261,1|1660|56506|54048
1791444185,proc,780,368,visualintelligenced,368
1791444185,proc,787,4768,aned,4768
1791444185,proc,811,1120,translationd,1120
1791444185,proc,851,1056,generativeexperiencesd,1056
1791444185,proc,852,3904,intelligenceflowd,3904
1791444185,proc,858,12480,intelligencecontextd,12480
1791444185,proc,1078,192,aneuserd,192
1791444185,proc,1257,20800,Ollama,20832
1791444185,proc,1284,27584,ollama,27584
1791444185,proc,1299,336,GenerativeExperiencesSafetyInferenceProvider,336
1791444185,proc,1359,9584,IntelligencePlatformComputeService,9456
1791444185,proc,10533,336,intelligencetasksd,336
1791444185,proc,11900,352,ANECompilerService,352
1791444185,proc,27908,416,intelligenceplatformd,416
1791444185,proc,63081,1477840,Python,1461728
1791444185,proc,63124,62576,node,0
1791444185,proc,64159,22000,mdworker_shared,0
1791444185,sys,162644,72,40103,1|1660|56506|54044
1791444186,proc,780,368,visualintelligenced,368
1791444186,proc,787,4768,aned,4768
1791444186,proc,811,1120,translationd,1120
1791444186,proc,851,1056,generativeexperiencesd,1056
1791444186,proc,852,3904,intelligenceflowd,3904
1791444186,proc,858,12480,intelligencecontextd,12480
1791444186,proc,1078,192,aneuserd,192
1791444186,proc,1257,20848,Ollama,20832
1791444186,proc,1284,27584,ollama,27584
1791444186,proc,1299,336,GenerativeExperiencesSafetyInferenceProvider,336
1791444186,proc,1359,9600,IntelligencePlatformComputeService,9456
1791444186,proc,10533,336,intelligencetasksd,336
1791444186,proc,11900,352,ANECompilerService,352
1791444186,proc,27908,416,intelligenceplatformd,416
1791444186,proc,63081,1477840,Python,1461728
1791444186,proc,63124,62576,node,0
1791444186,proc,64159,22000,mdworker_shared,0
1791444186,sys,162644,72,40348,1|1660|56514|54046
1791444187,proc,780,368,visualintelligenced,368
1791444187,proc,787,4768,aned,4768
1791444187,proc,811,1120,translationd,1120
1791444187,proc,851,1056,generativeexperiencesd,1056
1791444187,proc,852,3904,intelligenceflowd,3904
1791444187,proc,858,12480,intelligencecontextd,12480
1791444187,proc,1078,192,aneuserd,192
1791444187,proc,1257,20848,Ollama,20832
1791444187,proc,1284,27584,ollama,27584
1791444187,proc,1299,336,GenerativeExperiencesSafetyInferenceProvider,336
1791444187,proc,1359,9600,IntelligencePlatformComputeService,9456
1791444187,proc,10533,336,intelligencetasksd,336
1791444187,proc,11900,352,ANECompilerService,352
1791444187,proc,27908,416,intelligenceplatformd,416
1791444187,proc,63081,1477264,Python,1461728
1791444187,proc,63124,62656,node,0
1791444187,proc,64159,22000,mdworker_shared,0
1791444187,sys,162644,72,39615,1|1660|56514|54045
1791444188,proc,780,368,visualintelligenced,368
1791444188,proc,787,4768,aned,4768
1791444188,proc,811,1120,translationd,1120
1791444188,proc,851,1056,generativeexperiencesd,1056
1791444188,proc,852,3904,intelligenceflowd,3904
1791444188,proc,858,12480,intelligencecontextd,12480
1791444188,proc,1078,192,aneuserd,192
1791444188,proc,1257,20848,Ollama,20832
1791444188,proc,1284,27584,ollama,27584
1791444188,proc,1299,336,GenerativeExperiencesSafetyInferenceProvider,336
1791444188,proc,1359,9600,IntelligencePlatformComputeService,9456
1791444188,proc,10533,336,intelligencetasksd,336
1791444188,proc,11900,352,ANECompilerService,352
1791444188,proc,27908,416,intelligenceplatformd,416
1791444188,proc,63081,1477136,Python,1461728
1791444188,proc,63124,62704,node,0
1791444188,proc,64159,22000,mdworker_shared,0
1791444188,sys,162644,72,39787,1|1660|56514|54033
1791444189,proc,780,368,visualintelligenced,368
1791444189,proc,787,4768,aned,4768
1791444189,proc,811,1120,translationd,1120
1791444189,proc,851,1056,generativeexperiencesd,1056
1791444189,proc,852,3904,intelligenceflowd,3904
1791444189,proc,858,12480,intelligencecontextd,12480
1791444189,proc,1078,192,aneuserd,192
1791444189,proc,1257,20848,Ollama,20832
1791444189,proc,1284,27584,ollama,27584
1791444189,proc,1299,336,GenerativeExperiencesSafetyInferenceProvider,336
1791444189,proc,1359,9600,IntelligencePlatformComputeService,9456
1791444189,proc,10533,336,intelligencetasksd,336
1791444189,proc,11900,352,ANECompilerService,352
1791444189,proc,27908,416,intelligenceplatformd,416
1791444189,proc,63081,1477360,Python,1461728
1791444189,proc,63124,62704,node,0
1791444189,proc,64159,22000,mdworker_shared,0
1791444189,sys,162644,72,40807,1|1660|56514|54029
1791444190,proc,780,368,visualintelligenced,368
1791444190,proc,787,4768,aned,4768
1791444190,proc,811,1120,translationd,1120
1791444190,proc,851,1056,generativeexperiencesd,1056
1791444190,proc,852,3904,intelligenceflowd,3904
1791444190,proc,858,12480,intelligencecontextd,12480
1791444190,proc,1078,192,aneuserd,192
1791444190,proc,1257,20800,Ollama,20832
1791444190,proc,1284,27584,ollama,27584
1791444190,proc,1299,336,GenerativeExperiencesSafetyInferenceProvider,336
1791444190,proc,1359,9360,IntelligencePlatformComputeService,9456
1791444190,proc,10533,336,intelligencetasksd,336
1791444190,proc,11900,352,ANECompilerService,352
1791444190,proc,27908,416,intelligenceplatformd,416
1791444190,proc,63081,1477392,Python,1461728
1791444190,proc,63124,62704,node,0
1791444190,proc,64159,22000,mdworker_shared,0
1791444190,sys,162644,72,41048,1|1660|56514|54026
1791444191,proc,780,368,visualintelligenced,368
1791444191,proc,787,4768,aned,4768
1791444191,proc,811,1120,translationd,1120
1791444191,proc,851,1056,generativeexperiencesd,1056
1791444191,proc,852,3904,intelligenceflowd,3904
1791444191,proc,858,12480,intelligencecontextd,12480
1791444191,proc,1078,192,aneuserd,192
1791444191,proc,1257,20800,Ollama,20832
1791444191,proc,1284,27584,ollama,27584
1791444191,proc,1299,336,GenerativeExperiencesSafetyInferenceProvider,336
1791444191,proc,1359,9360,IntelligencePlatformComputeService,9456
1791444191,proc,10533,336,intelligencetasksd,336
1791444191,proc,11900,352,ANECompilerService,352
1791444191,proc,27908,416,intelligenceplatformd,416
1791444191,proc,63081,1477392,Python,1461728
1791444191,proc,63124,62704,node,0
1791444191,proc,64159,22000,mdworker_shared,0
1791444191,sys,162644,72,41166,1|1660|56514|54026
1791444193,proc,780,368,visualintelligenced,368
1791444193,proc,787,4768,aned,4768
1791444193,proc,811,1120,translationd,1120
1791444193,proc,851,1056,generativeexperiencesd,1056
1791444193,proc,852,3904,intelligenceflowd,3904
1791444193,proc,858,12480,intelligencecontextd,12480
1791444193,proc,1078,192,aneuserd,192
1791444193,proc,1257,20800,Ollama,20832
1791444193,proc,1284,27584,ollama,27584
1791444193,proc,1299,336,GenerativeExperiencesSafetyInferenceProvider,336
1791444193,proc,1359,9360,IntelligencePlatformComputeService,9456
1791444193,proc,10533,336,intelligencetasksd,336
1791444193,proc,11900,352,ANECompilerService,352
1791444193,proc,27908,416,intelligenceplatformd,416
1791444193,proc,63081,1477408,Python,1461728
1791444193,proc,63124,62704,node,0
1791444193,proc,64159,22000,mdworker_shared,0
1791444193,sys,162644,73,41551,1|1660|56522|54031
1791444194,proc,780,368,visualintelligenced,368
1791444194,proc,787,4768,aned,4768
1791444194,proc,811,1120,translationd,1120
1791444194,proc,851,1056,generativeexperiencesd,1056
1791444194,proc,852,3904,intelligenceflowd,3904
1791444194,proc,858,12480,intelligencecontextd,12480
1791444194,proc,1078,192,aneuserd,192
1791444194,proc,1257,20800,Ollama,20832
1791444194,proc,1284,27584,ollama,27584
1791444194,proc,1299,336,GenerativeExperiencesSafetyInferenceProvider,336
1791444194,proc,1359,9360,IntelligencePlatformComputeService,9456
1791444194,proc,10533,336,intelligencetasksd,336
1791444194,proc,11900,352,ANECompilerService,352
1791444194,proc,27908,416,intelligenceplatformd,416
1791444194,proc,63081,1477408,Python,1461728
1791444194,proc,63124,62704,node,0
1791444194,proc,64159,22000,mdworker_shared,0
1791444194,sys,162644,73,41303,1|1660|56522|54030
1791444195,proc,780,368,visualintelligenced,368
1791444195,proc,787,4768,aned,4768
1791444195,proc,811,1120,translationd,1120
1791444195,proc,851,1056,generativeexperiencesd,1056
1791444195,proc,852,3904,intelligenceflowd,3904
1791444195,proc,858,12480,intelligencecontextd,12480
1791444195,proc,1078,192,aneuserd,192
1791444195,proc,1257,20848,Ollama,20832
1791444195,proc,1284,27584,ollama,27584
1791444195,proc,1299,336,GenerativeExperiencesSafetyInferenceProvider,336
1791444195,proc,1359,9360,IntelligencePlatformComputeService,9456
1791444195,proc,10533,336,intelligencetasksd,336
1791444195,proc,11900,352,ANECompilerService,352
1791444195,proc,27908,416,intelligenceplatformd,416
1791444195,proc,63081,1477776,Python,1461728
1791444195,proc,63124,62704,node,0
1791444195,proc,64159,22000,mdworker_shared,0
1791444195,sys,162644,73,42280,1|1660|56522|54028
1791444196,proc,780,368,visualintelligenced,368
1791444196,proc,787,4768,aned,4768
1791444196,proc,811,1120,translationd,1120
1791444196,proc,851,1056,generativeexperiencesd,1056
1791444196,proc,852,3904,intelligenceflowd,3904
1791444196,proc,858,12480,intelligencecontextd,12480
1791444196,proc,1078,192,aneuserd,192
1791444196,proc,1257,20848,Ollama,20832
1791444196,proc,1284,27584,ollama,27584
1791444196,proc,1299,336,GenerativeExperiencesSafetyInferenceProvider,336
1791444196,proc,1359,9360,IntelligencePlatformComputeService,9456
1791444196,proc,10533,336,intelligencetasksd,336
1791444196,proc,11900,352,ANECompilerService,352
1791444196,proc,27908,416,intelligenceplatformd,416
1791444196,proc,63081,1477872,Python,1461728
1791444196,proc,63124,62704,node,0
1791444196,proc,64159,22000,mdworker_shared,0
1791444196,sys,162644,73,42776,1|1660|56526|54031
1791444197,proc,780,368,visualintelligenced,368
1791444197,proc,787,4768,aned,4768
1791444197,proc,811,1120,translationd,1120
1791444197,proc,851,1056,generativeexperiencesd,1056
1791444197,proc,852,3904,intelligenceflowd,3904
1791444197,proc,858,12480,intelligencecontextd,12480
1791444197,proc,1078,192,aneuserd,192
1791444197,proc,1257,20848,Ollama,20832
1791444197,proc,1284,27584,ollama,27584
1791444197,proc,1299,336,GenerativeExperiencesSafetyInferenceProvider,336
1791444197,proc,1359,9408,IntelligencePlatformComputeService,9456
1791444197,proc,10533,336,intelligencetasksd,336
1791444197,proc,11900,352,ANECompilerService,352
1791444197,proc,27908,416,intelligenceplatformd,416
1791444197,proc,63081,1477872,Python,1461728
1791444197,proc,63124,62704,node,0
1791444197,proc,64159,22000,mdworker_shared,0
1791444197,sys,162644,73,40343,1|1660|56526|53886
1791444198,proc,780,368,visualintelligenced,368
1791444198,proc,787,4768,aned,4768
1791444198,proc,811,1120,translationd,1120
1791444198,proc,851,1056,generativeexperiencesd,1056
1791444198,proc,852,3904,intelligenceflowd,3904
1791444198,proc,858,12480,intelligencecontextd,12480
1791444198,proc,1078,192,aneuserd,192
1791444198,proc,1257,20848,Ollama,20832
1791444198,proc,1284,27584,ollama,27584
1791444198,proc,1299,336,GenerativeExperiencesSafetyInferenceProvider,336
1791444198,proc,1359,9408,IntelligencePlatformComputeService,9456
1791444198,proc,10533,336,intelligencetasksd,336
1791444198,proc,11900,352,ANECompilerService,352
1791444198,proc,27908,416,intelligenceplatformd,416
1791444198,proc,63081,1477152,Python,1461728
1791444198,proc,63124,62768,node,0
1791444198,proc,64159,22000,mdworker_shared,0
1791444198,sys,162644,71,39033,1|1660|56526|53886
1791444199,proc,780,368,visualintelligenced,368
1791444199,proc,787,4768,aned,4768
1791444199,proc,811,1120,translationd,1120
1791444199,proc,851,1056,generativeexperiencesd,1056
1791444199,proc,852,3904,intelligenceflowd,3904
1791444199,proc,858,12480,intelligencecontextd,12480
1791444199,proc,1078,192,aneuserd,192
1791444199,proc,1257,20848,Ollama,20832
1791444199,proc,1284,27584,ollama,27584
1791444199,proc,1299,336,GenerativeExperiencesSafetyInferenceProvider,336
1791444199,proc,1359,9408,IntelligencePlatformComputeService,9456
1791444199,proc,10533,336,intelligencetasksd,336
1791444199,proc,11900,352,ANECompilerService,352
1791444199,proc,27908,416,intelligenceplatformd,416
1791444199,proc,63081,1477168,Python,1461728
1791444199,proc,63124,62768,node,0
1791444199,proc,64159,22000,mdworker_shared,0
1791444199,sys,162644,71,39931,1|1660|56526|53886
1791444199,mark,end,,,
1791444199,mark,stop,,,
